,UOM,,,,,
ProductID / code and name,CV / desc1,PAC / desc2,EA / kg_per_pc,Product weight(gm/case) / thikness,AvgProductPrice per case(Rs/case) / price(new column),Attributes / ctg_id
FP3200P5433T,50,1,1,414,78,Generics / Non Cold Chain
FP3200P5441T,,,1,369,91,Generics / Non Cold Chain
FP3200P5442T,,,1,474,24,Generics / Non Cold Chain
FP3200P5446T,,,1,257,47,Generics / Non Cold Chain
FP3200P5448T,60,15,1,376,54, / Cold Chain
FP3200P5449T,60,15,1,205,27, / Cold Chain
FP3200P5464T,,,1,361,40,Generics / Non Cold Chain
FP3200P5466T,,,1,222,38,Generics / Non Cold Chain
FP3200P5476T,,,1,209,13,Generics / Non Cold Chain
FP3200P5483T,300,15,1,434,28, / Non Cold Chain
FP3200P5511T,2025,1,1,206,19,Generics / Non Cold Chain
FP3200P5520T,,,1,206,64,Generics / Non Cold Chain
FP3200P5521T,630,10,1,494,23, / Non Cold Chain
FP3200P5525T,24,6,1,167,96, / Cold Chain
FP3200P5526T,9,3,1,147,93, / Cold Chain
FP3200P5536T,400,10,1,370,92,Generics / Non Cold Chain
FP3200P5540T,200,25,1,194,91,Generics / Non Cold Chain
FP3200P5551T,400,10,1,424,85,Generics / Non Cold Chain
FP3200P5552T,,,1,270,29,Generics / Non Cold Chain
FP3200P5555T,160,20,1,147,40,Generics / Non Cold Chain
FP3200P5557T,,,1,274,100,Generics / Non Cold Chain
FP3200P5559T,120,1,1,346,60,Generics / Non Cold Chain
FP3200P5561T,,,1,293,23,Generics / Non Cold Chain
FP3200P5562T,,,1,146,76,Generics / Non Cold Chain
FP3200P5564T,,,1,208,100,Generics / Non Cold Chain
FP3200P5573T,1440,80,1,158,82,Generics / Non Cold Chain
FP3200P5575T,360,10,1,218,64,Generics / Non Cold Chain
FP3200P5576T,480,20,1,500,89,Generics / Non Cold Chain
FP3200P5582T,,,1,306,79,Generics / Non Cold Chain
FP3200P5588T,,,1,395,97,Generics / Non Cold Chain
FP3200P5589T,,,1,138,74,Generics / Non Cold Chain
FP3200P5591T,720,20,1,249,73,Generics / Non Cold Chain
FP3200P5593T,80,4,1,213,38,Generics / Non Cold Chain
FP3200P5594T,400,20,1,260,21,Generics / Non Cold Chain
FP3200P5595T,50,1,1,396,61,Generics / Non Cold Chain
FP3200P5596T,540,10,1,180,13,Generics / Non Cold Chain
FP3200P5597T,360,20,1,193,28,Generics / Non Cold Chain
FP3200P5598T,360,20,1,238,65,Generics / Non Cold Chain
FP3200P5600T,600,30,1,405,95,Generics / Non Cold Chain
FP3200P5602T,20,1,1,458,76,Generics / Non Cold Chain
FP3200P5603T,100,1,1,477,38,Generics / Non Cold Chain
FP3200P5604T,100,1,1,283,97,Generics / Non Cold Chain
FP3200P5607T,20,1,1,210,34,Generics / Non Cold Chain
FP3200P5608T,4,1,1,255,74,Generics / Non Cold Chain
FP3200P5612T,,,1,473,74, / Non Cold Chain
FP3200P5616T,,,1,258,77,Generics / Non Cold Chain
FP3200P5617T,,,1,236,48,Generics / Non Cold Chain
FP3200P5618T,,,1,381,60,Generics / Non Cold Chain
FP3200P5622T,,,1,307,35,Generics / Non Cold Chain
FP3200P5623T,,,1,245,38,Generics / Non Cold Chain
FP3200P5624T,,,1,488,29,Generics / Non Cold Chain
FP3200P5625T,,,1,421,63,Generics / Non Cold Chain
FP3200P5627T,320,10,1,455,71,Generics / Non Cold Chain
FP3200P5630T,1000,20,1,228,77,Generics / Non Cold Chain
FP3200P5633T,,,1,351,16,Generics / Non Cold Chain
FP3200P5640T,,,1,325,22, / Non Cold Chain
FP3200P5648T,,,1,339,64,Generics / Non Cold Chain
FP3200P5649T,,,1,363,45,Generics / Non Cold Chain
FP3200P5653T,,,1,279,67,Generics / Non Cold Chain
FP3200P5654T,,,1,418,29, / Non Cold Chain
FP3200P5658T,,,1,455,41,Generics / Non Cold Chain
FP3200P5659T,,,1,225,19,Generics / Non Cold Chain
FP3200P5661T,,,1,243,37,Generics / Non Cold Chain
FP3200P5663T,,,1,213,62,Generics / Non Cold Chain
FP3200P5665T,,,1,112,90,Generics / Non Cold Chain
FP3200P5666T,,,1,483,99, / Non Cold Chain
FP3200P5672T,400,10,1,392,56, / Non Cold Chain
FP3200P5675T,300,10,1,204,94, / Non Cold Chain
FP3200P5677T,1440,80,1,191,93, / Non Cold Chain
FP3200P5682T,,,1,222,18, / Non Cold Chain
FP3200P5685T,40,5,1,413,27, / Non Cold Chain
FP3200P5692T,,,1,224,88,Generics / Non Cold Chain
FP3200P5697T,72,3,1,432,22, / Non Cold Chain
FP3200P5698T,72,3,1,282,23, / Non Cold Chain
FP3200P5699T,420,10,1,316,34, / Non Cold Chain
FP3200P5700T,420,10,1,117,13, / Non Cold Chain
FP3200P5718T,,,1,227,22, / Non Cold Chain
FP3200P5719T,100,5,1,389,33, / Cold Chain
FP3200P5721T,1120,10,1,380,34,Generics / Non Cold Chain
FP3200P5722T,,,1,240,71,Generics / Non Cold Chain
FP3200P5724T,360,30,1,268,43, / Non Cold Chain
FP3200P5728T,560,5,1,265,91, / Non Cold Chain
FP3200P5730T,360,5,1,292,71, / Non Cold Chain
FP3200P5733T,48,1,1,392,43,Generics / Non Cold Chain
FP3200P5734T,360,15,1,325,26,Generics / Non Cold Chain
FP3200P5737T,40,1,1,480,63,Generics / Non Cold Chain
FP3200P5738T,40,1,1,479,75,Generics / Non Cold Chain
FP3200P5739T,40,1,1,474,71,Generics / Non Cold Chain
FP3200P5740T,40,1,1,221,36,Generics / Non Cold Chain
FP3200P5750T,360,20,1,457,28,Generics / Non Cold Chain
FP3200P5758T,,,1,227,46, / Non Cold Chain
FP3200P5762T,270,10,1,133,42, / Non Cold Chain
FP3200P5763T,,,1,350,86, / Non Cold Chain
FP3200P5764T,,,1,482,72,Generics / Non Cold Chain
FP3200P5765T,,,1,464,82,Generics / Non Cold Chain
FP3200P5775T,50,1,1,385,37, / Non Cold Chain
FP3200P5785T,450,15,1,158,54, / Non Cold Chain
FP3200P5786T,450,15,1,393,74, / Non Cold Chain
FP3200P5789T,,,1,301,44, / Non Cold Chain
FP3200P5793T,900,30,1,154,32,Generics / Non Cold Chain
FP3200P5799T,,,1,211,40,Generics / Non Cold Chain
FP3200P5800T,,,1,134,27,Generics / Non Cold Chain
FP3200P5801T,,,1,222,76,Generics / Non Cold Chain
FP3200P5802T,240,10,1,390,37, / Non Cold Chain
FP3200P5805T,,,1,200,73,Generics / Non Cold Chain
FP3200P5806T,,,1,368,17,Generics / Non Cold Chain
FP3200P5807T,400,10,1,255,28, / Non Cold Chain
FP3200P5810T,280,10,1,463,80, / Non Cold Chain
FP3200P5811T,280,10,1,483,86, / Non Cold Chain
FP3200P5812T,400,10,1,432,52, / Non Cold Chain
FP3200P5813T,,,1,446,97,Generics / Non Cold Chain
FP3200P5815T,480,30,1,159,77,Generics / Non Cold Chain
FP3200P5820T,,,1,490,35,Generics / Non Cold Chain
FP3200P5823T,,,1,385,15,Generics / Non Cold Chain
FP3200P5837T,500,10,1,456,41, / Non Cold Chain
FP3200P5838T,,,1,192,72, / Non Cold Chain
FP3200P5840T,,,1,274,55, / Non Cold Chain
FP3200P5848T,,,1,439,45,Generics / Non Cold Chain
FP3200P5849T,,,1,495,17,Generics / Non Cold Chain
FP3200P5850T,,,1,224,72,Generics / Non Cold Chain
FP3200P5853T,,,1,131,56,Generics / Non Cold Chain
FP3200P5858T,,,1,171,82, / Non Cold Chain
FP3200P5859T,300,10,1,289,55, / Non Cold Chain
FP3200P5860T,,,1,148,97,Generics / Non Cold Chain
FP3200P5862T,1000,20,1,293,12,Generics / Non Cold Chain
FP3200P5863T,,,1,138,27,Generics / Non Cold Chain
FP3200P5870T,,,1,478,64,Generics / Non Cold Chain
FP3200P5872T,,,1,348,61, / Non Cold Chain
FP3200P5877T,,,1,108,82,Generics / Non Cold Chain
FP3200P5878T,,,1,104,63,Generics / Non Cold Chain
FP3200P5880T,,,1,448,86,Generics / Non Cold Chain
FP3200P5892T,,,1,420,47,Generics / Non Cold Chain
FP3200P5893T,,,1,155,38,Generics / Non Cold Chain
FP3200P5897T,,,1,104,28,Generics / Non Cold Chain
FP3200P5898T,,,1,155,24,Generics / Non Cold Chain
FP3200P5903T,,,1,341,87, / Non Cold Chain
FP3200P5906T,270,15,1,334,39, / Non Cold Chain
FP3200P5907T,360,20,1,228,63,Generics / Non Cold Chain
FP3200P5949T,120,1,1,489,91,Generics / Non Cold Chain
FP3200P5950T,,,1,307,52,Generics / Non Cold Chain
FP3200P5951T,,,1,292,63,Generics / Non Cold Chain
FP3200P5954T,360,20,1,429,92, / Non Cold Chain
FP3200P5955T,,,1,210,91,Generics / Non Cold Chain
FP3200P5969T,360,,1,271,100,Generics / Non Cold Chain
FP3200P5971T,,,1,254,85, / Non Cold Chain
FP3200P5972T,,,1,365,65, / Non Cold Chain
FP3200P5974T,360,20,1,171,49,Generics / Non Cold Chain
FP3200P5978T,144,1,1,287,92,Generics / Non Cold Chain
FP3200P5979T,144,1,1,126,58,Generics / Non Cold Chain
FP3200P5986T,,,1,287,46, / Non Cold Chain
FP3200P5994T,,,1,141,60, / Non Cold Chain
FP3200P5996T,,,1,272,29,Generics / Non Cold Chain
FP3200P5997T,,,1,288,38,Generics / Non Cold Chain
FP3200P5998T,,,1,321,23,Generics / Non Cold Chain
FP3200P5999T,,,1,196,62,Generics / Non Cold Chain
FP3200P6007T,,,1,432,82,Generics / Non Cold Chain
FP3200P6008T,40,1,1,281,12, / Non Cold Chain
FP3200P6012T,,,1,106,51, / Non Cold Chain
FP3200P6015T,,,1,349,11,Generics / Non Cold Chain
FP3200P6016T,300,25,1,223,22,Generics / Non Cold Chain
FP3200P6018T,,,1,211,84,Generics / Non Cold Chain
FP3200P6019T,300,25,1,499,15,Generics / Non Cold Chain
FP3200P6021T,60,1,1,197,45, / Non Cold Chain
FP3200P6022T,,,1,174,93,Generics / Non Cold Chain
FP3200P6023T,,,1,428,90,Generics / Non Cold Chain
FP3200P6024T,,,1,129,69,Generics / Non Cold Chain
FP3200P6032T,,,1,173,47,Generics / Non Cold Chain
FP3200P6034T,,,1,336,28,Generics / Non Cold Chain
FP3200P6035T,,,1,112,81,Generics / Non Cold Chain
FP3200P6038T,20,1,1,200,50, / Cold Chain
FP3200P6039T,20,1,1,488,94, / Cold Chain
FP3200P6043T,3000,50,1,468,39, / Non Cold Chain
FP3200P6046T,,,1,336,25,Generics / Non Cold Chain
FP3200P6047T,,,1,474,57,Generics / Non Cold Chain
FP3200P6049T,120,1,1,115,87,Generics / Non Cold Chain
FP3200P6050T,120,1,1,304,69,Generics / Non Cold Chain
FP3200P6051T,,,1,496,79,Generics / Non Cold Chain
FP3200P6062T,800,10,1,197,93,Generics / Non Cold Chain
FP3200P6065T,,,1,343,85,Generics / Non Cold Chain
FP3200P6068T,,,1,139,14,Generics / Non Cold Chain
FP3200P6073T,48,1,1,255,29,Generics / Non Cold Chain
FP3200P6076T,240,10,1,438,10, / Non Cold Chain
FP3200P6077T,540,3,1,471,46, / Non Cold Chain
FP3200P6080T,500,25,1,353,90, / Non Cold Chain
FP3200P6081T,720,20,1,282,93,Generics / Non Cold Chain
FP3200P6082T,,,1,324,10,Generics / Non Cold Chain
FP3200P6083T,,,1,301,23,Generics / Non Cold Chain
FP3200P6090T,480,20,1,137,88,Generics / Non Cold Chain
FP3200P6093T,,,1,390,19,Generics / Non Cold Chain
FP3200P6094T,,,1,301,67,Generics / Non Cold Chain
FP3200P6095T,,,1,265,31,Generics / Non Cold Chain
FP3200P6096T,,,1,368,54,Generics / Non Cold Chain
FP3200P6100T,120,5,1,203,83, / Non Cold Chain
FP3200P6102T,150,5,1,296,11, / Non Cold Chain
FP3200P6104T,100,5,1,179,67, / Non Cold Chain
FP3200P6107T,,,1,292,40, / Non Cold Chain
FP3200P6109T,,,1,115,16, / Non Cold Chain
FP3200P6110T,150,5,1,219,47, / Non Cold Chain
FP3200P6117T,90,5,1,184,85, / Non Cold Chain
FP3200P6118T,90,5,1,396,32, / Non Cold Chain
FP3200P6119T,270,10,1,190,99, / Non Cold Chain
FP3200P6120T,120,10,1,362,55, / Non Cold Chain
FP3200P6121T,900,30,1,459,74, / Non Cold Chain
FP3200P6122T,30,1,1,149,33, / Non Cold Chain
FP3200P6123T,,,1,121,92,Generics / Non Cold Chain
FP3200P6124T,,,1,232,76,Generics / Non Cold Chain
FP3200P6128T,16,1,1,305,59, / Non Cold Chain
FP3200P6129T,24,24,1,198,43, / Non Cold Chain
FP3200P6130T,160,10,1,324,88, / Non Cold Chain
FP3200P6131T,,,1,272,71, / Non Cold Chain
FP3200P6132T,16,1,1,202,19, / Non Cold Chain
FP3200P6133T,24,1,1,306,75, / Non Cold Chain
FP3200P6134T,72,1,1,314,50,Generics / Non Cold Chain
FP3200P6135T,240,10,1,190,72,Generics / Non Cold Chain
FP3200P6136T,480,20,1,185,66,Generics / Non Cold Chain
FP3200P6138T,,,1,267,95, / Non Cold Chain
FP3200P6139T,450,25,1,354,38,Generics / Non Cold Chain
FP3200P6140T,,,1,396,51,Generics / Non Cold Chain
FP3200P6141T,,,1,124,71,Generics / Non Cold Chain
FP3200P6142T,,,1,485,64,Generics / Non Cold Chain
FP3200P6147T,400,10,1,488,57, / Non Cold Chain
FP3200P6148T,400,10,1,108,81, / Non Cold Chain
FP3200P6152T,30,10,1,456,28, / Non Cold Chain
FP3200P6154T,,,1,358,56,Generics / Non Cold Chain
FP3200P6156T,480,20,1,220,93,Generics / Non Cold Chain
FP3200P6162T,,,1,486,74, / Non Cold Chain
FP3200P6182T,300,10,1,209,80, / Non Cold Chain
FP3200P6183T,100,10,1,127,73, / Non Cold Chain
FP3200P6184T,400,10,1,246,46,Generics / Non Cold Chain
FP3200P6185T,48,1,1,198,54,Generics / Non Cold Chain
FP3200P6187T,,,1,420,36, / Non Cold Chain
FP3200P6189T,,,1,197,21, / Non Cold Chain
FP3200P6191T,,,1,199,51, / Non Cold Chain
FP3200P6199T,600,10,1,262,88, / Non Cold Chain
FP3200P6205T,,,1,317,32,Generics / Non Cold Chain
FP3200P6206T,6,1,1,143,47, / Non Cold Chain
FP3200P6210T,40,1,1,191,16, / Non Cold Chain
FP3200P6213T,100,10,1,120,29, / Non Cold Chain
FP3200P6220T,,,1,125,33,Generics / Non Cold Chain
FP3200P6667T,60,10,1,488,76, / Non Cold Chain
FP3200P6669T,1440,,1,425,53,Generics / Non Cold Chain
FP3200P6671T,1440,,1,303,51,Generics / Non Cold Chain
FP3200P6676T,800,25,1,393,55, / Non Cold Chain
FP3200P6677T,90,5,1,210,37, / Non Cold Chain
FP3200P6681T,450,10,1,186,26, / Non Cold Chain
FP3200P6684T,200,5,1,174,55, / Non Cold Chain
FP3200P6685T,80,10,1,143,80, / Non Cold Chain
FP3200P6693T,200,10,1,110,67, / Non Cold Chain
FP3200P6694T,200,10,1,253,96, / Non Cold Chain
FP3200P6704T,160,20,1,189,21, / Non Cold Chain
FP3200P6705T,160,20,1,224,60, / Non Cold Chain
FP3200P6706T,480,20,1,317,21, / Non Cold Chain
FP3200P6708T,3150,50,1,110,82,Generics / Non Cold Chain
FP3200P6709T,1125,,1,475,63,Generics / Non Cold Chain
FP3200P6711T,3150,50,1,323,16,Generics / Non Cold Chain
FP3200P6717T,840,10,1,324,79, / Non Cold Chain
FP3200P6718T,120,10,1,417,94, / Non Cold Chain
FP3200P6721T,1680,,1,500,24,Generics / Non Cold Chain
FP3200P6722T,2100,1,1,227,93,Generics / Non Cold Chain
FP3200P6723T,2100,1,1,275,85,Generics / Non Cold Chain
FP3200P6724T,1200,20,1,112,66,Generics / Non Cold Chain
FP3200P6735T,360,10,1,133,38, / Non Cold Chain
FP3200P6739T,4050,,1,228,96,Generics / Non Cold Chain
FP3200P6740T,450,10,1,439,78, / Non Cold Chain
FP3200P6741T,80,10,1,271,16, / Non Cold Chain
FP3200P6742T,240,20,1,117,68, / Non Cold Chain
FP3200P6743T,1080,30,1,172,13, / Non Cold Chain
FP3200P6744T,480,20,1,384,89, / Non Cold Chain
FP3200P6747T,160,20,1,111,74, / Non Cold Chain
FP3200P6750T,120,10,1,179,51, / Non Cold Chain
FP3200P6751T,2400,40,1,440,68, / Non Cold Chain
FP3200P6755T,240,20,1,286,24, / Non Cold Chain
FP3200P6767T,140,,1,148,59, / Non Cold Chain
FP3200P6779T,540,,1,126,34,Generics / Non Cold Chain
FP3200P6780T,720,,1,367,40,Generics / Non Cold Chain
FP3200P6791T,100,10,1,296,57, / Non Cold Chain
FP3200P6792T,100,5,1,372,80, / Non Cold Chain
FP3200P6795T,720,1,1,263,61,Generics / Non Cold Chain
FP3200P6796T,35,1,1,295,11, / Non Cold Chain
FP3200P6800T,160,10,1,466,15, / Non Cold Chain
FP3200P6801T,480,10,1,287,38, / Non Cold Chain
FP3200P6802T,160,10,1,173,15, / Non Cold Chain
FP3200P6803T,480,10,1,396,12, / Non Cold Chain
FP3200P6804T,480,10,1,167,87, / Non Cold Chain
FP3200P6810T,480,1,1,387,47,Generics / Non Cold Chain
FP3200P6811T,40,10,1,361,86, / Cold Chain
FP3200P6812T,216,10,1,437,64, / Non Cold Chain
FP3200P6813T,216,10,1,363,69, / Non Cold Chain
FP3200P6814T,480,10,1,424,11, / Non Cold Chain
FP3200P6816T,480,10,1,440,32, / Non Cold Chain
FP3200P6818T,480,10,1,253,54, / Non Cold Chain
FP3200P6819T,450,10,1,297,74, / Non Cold Chain
FP3200P6820T,1200,20,1,139,34, / Non Cold Chain
FP3200P6821T,160,10,1,104,65, / Non Cold Chain
FP3200P6822T,160,10,1,119,30, / Non Cold Chain
FP3200P6823T,480,10,1,296,63, / Non Cold Chain
FP3200P6824T,160,10,1,210,82, / Non Cold Chain
FP3200P6825T,160,10,1,266,89, / Non Cold Chain
FP3200P6826T,480,10,1,304,77, / Non Cold Chain
FP3200P6827T,480,10,1,334,76, / Non Cold Chain
FP3200P6828T,1200,20,1,131,15, / Non Cold Chain
FP3200P6829T,240,10,1,400,83, / Non Cold Chain
FP3200P6830T,1200,20,1,398,77, / Non Cold Chain
FP3200P6831T,1200,20,1,490,96, / Non Cold Chain
FP3200P6832T,1200,20,1,141,91, / Non Cold Chain
FP3200P6833T,480,20,1,468,50,Generics / Non Cold Chain
FP3200P6834T,480,,1,191,71,Generics / Non Cold Chain
FP3200P6835T,180,15,1,292,10, / Non Cold Chain
FP3200P6837T,12,1,1,275,71, / Cold Chain
FP3200P6838T,400,10,1,301,44, / Non Cold Chain
FP3200P6839T,180,5,1,380,31, / Non Cold Chain
FP3200P6850T,30,1,1,177,93, / Non Cold Chain
FP3200P6851T,120,10,1,445,76, / Non Cold Chain
FP3200P6858T,1200,20,1,108,78,Generics / Non Cold Chain
FP3200P6859T,960,1,1,415,46,Generics / Non Cold Chain
FP3200P6861T,960,10,1,434,47, / Non Cold Chain
FP3200P6872T,720,20,1,221,66,Generics / Non Cold Chain
FP3200P6873T,720,30,1,398,25,Generics / Non Cold Chain
FP3200P6874T,900,,1,280,97,Generics / Non Cold Chain
FP3200P6875T,1440,,1,154,86,Generics / Non Cold Chain
FP3200P6876T,720,,1,349,55,Generics / Non Cold Chain
FP3200P6877T,840,,1,455,36,Generics / Non Cold Chain
FP3200P6878T,120,,1,371,49,Generics / Non Cold Chain
FP3200P6879T,3150,50,1,432,24,Generics / Non Cold Chain
FP3200P6880T,3600,100,1,154,86,Generics / Non Cold Chain
FP3200P6881T,1125,20,1,358,35,Generics / Non Cold Chain
FP3200P6884T,140,,1,212,58, / Non Cold Chain
FP3200P6886T,480,,1,102,88, / Non Cold Chain
FP3200P6893T,720,1,1,433,95,Generics / Non Cold Chain
FP3200P6894T,2400,100,1,446,17, / Non Cold Chain
FP3200P6895T,2400,100,1,266,28, / Non Cold Chain
FP3200P6896T,1200,10,1,168,40, / Non Cold Chain
FP3200P6897T,3000,50,1,446,61, / Non Cold Chain
FP3200P6898T,750,10,1,456,34, / Non Cold Chain
FP3200P6900T,960,10,1,419,100, / Non Cold Chain
FP3200P6901T,600,10,1,215,77, / Non Cold Chain
FP3200P6917T,120,10,1,264,44, / Non Cold Chain
FP3200P6918T,40,4,1,158,62, / Non Cold Chain
FP3200P6919T,1800,1,1,171,70,Generics / Non Cold Chain
FP3200P6920T,1440,1,1,373,73,Generics / Non Cold Chain
FP3200P6921T,1440,,1,440,59,Generics / Non Cold Chain
FP3200P6923T,720,1,1,287,33,Generics / Non Cold Chain
FP3200P6924T,112,7,1,266,80, / Non Cold Chain
FP3200P6925T,84,7,1,497,42, / Non Cold Chain
FP3200P6926T,200,,1,454,18,Generics / Non Cold Chain
FP3200P6927T,80,1,1,300,65, / Non Cold Chain
FP3200P6928T,600,1,1,394,72,Generics / Non Cold Chain
FP3200P6929T,1000,,1,330,12,Generics / Non Cold Chain
FP3200P6930T,600,,1,135,31,Generics / Non Cold Chain
FP3200P6931T,56,1,1,187,55,Generics / Non Cold Chain
FP3200P6932T,96,1,1,392,20,Generics / Non Cold Chain
FP3200P6933T,180,,1,469,26,Generics / Non Cold Chain
FP3200P6936T,840,,1,122,46,Generics / Non Cold Chain
FP3200P6939T,600,10,1,253,37, / Non Cold Chain
FP3200P6940T,960,10,1,469,25, / Non Cold Chain
FP3200P6941T,1600,,1,261,99, / Non Cold Chain
FP3200P6942T,400,10,1,316,11,Generics / Non Cold Chain
FP3200P6943T,600,,1,282,11,Generics / Non Cold Chain
FP3200P6944T,1080,,1,329,25,Generics / Non Cold Chain
FP3200P6948T,450,,1,495,77, / Non Cold Chain
FP3200P6949T,480,,1,361,49, / Non Cold Chain
FP3200P6950T,480,,1,222,94, / Non Cold Chain
FP3200P6951T,450,,1,212,81,Generics / Non Cold Chain
FP3200P6952T,480,,1,227,59,Generics / Non Cold Chain
FP3200P6953T,480,,1,383,28, / Non Cold Chain
FP3200P6954T,1920,,1,367,79,Generics / Non Cold Chain
FP3200P6955T,1280,1,1,471,17,Generics / Non Cold Chain
FP3200P6956T,1920,1,1,453,15,Generics / Non Cold Chain
FP3200P6965T,1440,,1,461,28, / Non Cold Chain
FP3200P6968T,360,20,1,462,98, / Non Cold Chain
FP3200P6969T,360,20,1,229,25, / Non Cold Chain
FP3200P6970T,900,10,1,273,12, / Non Cold Chain
FP3200P6971T,900,10,1,418,49, / Non Cold Chain
FP3200P6972T,180,10,1,208,74, / Cold Chain
FP3200P6973T,36,10,1,428,38, / Non Cold Chain
FP3200P6974T,24,4,1,367,34, / Non Cold Chain
FP3200P6975T,360,10,1,351,54, / Cold Chain
FP3200P6976T,300,10,1,244,76, / Non Cold Chain
FP3200P6977T,240,10,1,131,13, / Non Cold Chain
FP3200P6978T,120,10,1,194,88, / Non Cold Chain
FP3200P6979T,60,10,1,243,45, / Non Cold Chain
FP3200P6980T,1200,10,1,453,70, / Non Cold Chain
FP3200P6981T,1200,10,1,452,58, / Non Cold Chain
FP3200P6982T,240,10,1,219,93, / Cold Chain
FP3200P6983T,240,10,1,406,42, / Cold Chain
FP3200P6984T,70,,1,205,12,Generics / Non Cold Chain
FP3200P6985T,320,10,1,496,51, / Non Cold Chain
FP3200P6986T,320,10,1,115,49, / Non Cold Chain
FP3200P6988T,320,10,1,376,30, / Non Cold Chain
FP3200P6991T,240,10,1,490,47, / Non Cold Chain
FP3200P6992T,16,4,1,432,66, / Cold Chain
FP3200P6993T,12,4,1,300,97, / Cold Chain
FP3200P6994T,2400,,1,420,31,Generics / Non Cold Chain
FP3200P6995T,1200,,1,158,42,Generics / Non Cold Chain
FP3200P6996T,240,,1,187,37,Generics / Non Cold Chain
FP3200P6997T,2400,,1,220,17,Generics / Non Cold Chain
FP3200P7001T,1440,,1,448,43,Generics / Non Cold Chain
FP3200P7003T,1600,1,1,126,84,Generics / Non Cold Chain
FP3200P7004T,2400,,1,105,55,Generics / Non Cold Chain
FP3200P7005T,1600,,1,353,45,Generics / Non Cold Chain
FP3200P7010T,360,10,1,140,100, / Non Cold Chain
FP3200P7011T,27,10,1,301,23, / Non Cold Chain
FP3200P7012T,12,4,1,332,85, / Non Cold Chain
FP3200P7015T,1080,,1,181,88, / Non Cold Chain
FP3200P7016T,1440,1,1,428,93,Generics / Non Cold Chain
FP3200P7019T,480,10,1,142,51, / Non Cold Chain
FP3200P7020T,480,10,1,404,11, / Non Cold Chain
FP3200P7025T,160,10,1,212,95, / Non Cold Chain
FP3200P7026T,160,20,1,318,45, / Non Cold Chain
FP3200P7029T,1200,20,1,174,92, / Non Cold Chain
FP3200P7030T,480,10,1,238,12, / Non Cold Chain
FP3200P7032T,240,10,1,251,93, / Non Cold Chain
FP3200P7034T,480,10,1,463,24, / Non Cold Chain
FP3200P7035T,160,10,1,416,86, / Non Cold Chain
FP3200P7036T,160,10,1,273,70, / Non Cold Chain
FP3200P7037T,480,10,1,100,11, / Non Cold Chain
FP3200P7043T,750,10,1,398,71, / Non Cold Chain
FP3200P7054T,1200,,1,154,97, / Non Cold Chain
FP3200P7067T,960,,1,361,23,Generics / Non Cold Chain
FP3200P7075T,2400,50,1,178,38,Generics / Non Cold Chain
FP3200P7078T,120,5,1,497,89, / Non Cold Chain
FP3200P7079T,120,5,1,335,65, / Non Cold Chain
FP3200P7081T,450,10,1,199,81, / Non Cold Chain
FP3200P7083T,60,5,1,462,74, / Non Cold Chain
FP3200P7084T,60,1,1,447,75, / Non Cold Chain
FP3200P7085T,60,1,1,432,53, / Non Cold Chain
FP3200P7091T,1260,1,1,236,16,Generics / Non Cold Chain
FP3200P7092T,480,,1,389,92,Generics / Non Cold Chain
FP3200P7093T,180,10,1,413,66, / Non Cold Chain
FP3200P7094T,480,10,1,229,100, / Non Cold Chain
FP3200P7096T,480,10,1,256,18, / Non Cold Chain
FP3200P7098T,320,10,1,196,83, / Non Cold Chain
FP3200P7101T,320,10,1,381,83, / Non Cold Chain
FP3200P7102T,360,30,1,484,78, / Non Cold Chain
FP3200P7104T,360,30,1,396,72, / Non Cold Chain
FP3200P7105T,720,,1,301,15, / Non Cold Chain
FP3200P7106T,360,30,1,456,50, / Non Cold Chain
FP3200P7108T,360,30,1,399,55, / Non Cold Chain
FP3200P7109T,360,30,1,224,63, / Non Cold Chain
FP3200P7111T,36410,60,1,492,18, / Non Cold Chain
FP3200P7113T,1500,50,1,350,42, / Non Cold Chain
FP3200P7115T,700,10,1,206,18, / Non Cold Chain
FP3200P7116T,3000,50,1,161,22, / Non Cold Chain
FP3200P7117T,1200,50,1,423,33, / Non Cold Chain
FP3200P7123T,840,10,1,219,86, / Non Cold Chain
FP3200P7124T,480,10,1,428,100, / Non Cold Chain
FP3200P7126T,480,10,1,163,85, / Non Cold Chain
FP3200P7127T,160,10,1,484,50, / Non Cold Chain
FP3200P7128T,160,10,1,433,55, / Non Cold Chain
FP3200P7129T,1200,20,1,251,87, / Non Cold Chain
FP3200P7130T,1200,20,1,378,56, / Non Cold Chain
FP3200P7132T,240,10,1,389,25, / Non Cold Chain
FP3200P7133T,450,10,1,121,50, / Non Cold Chain
FP3200P7135T,600,1,1,374,64,Generics / Non Cold Chain
FP3200P7136T,1440,30,1,264,60,Generics / Non Cold Chain
FP3200P7137T,360,1,1,352,53,Generics / Non Cold Chain
FP3200P7138T,40,5,1,491,73, / Non Cold Chain
FP3200P7139T,900,20,1,125,95, / Cold Chain
FP3200P7140T,200,10,1,293,93, / Non Cold Chain
FP3200P7141T,480,,1,144,23, / Non Cold Chain
FP3200P7142T,900,20,1,225,75, / Cold Chain
FP3200P7143T,200,10,1,114,34, / Non Cold Chain
FP3200P7145T,200,10,1,356,74, / Non Cold Chain
FP3200P7147T,480,10,1,149,60, / Non Cold Chain
FP3200P7148T,200,10,1,493,15, / Non Cold Chain
FP3200P7150T,480,10,1,396,55, / Non Cold Chain
FP3200P7152T,480,10,1,483,25, / Non Cold Chain
FP3200P7153T,480,10,1,445,46, / Non Cold Chain
FP3200P7155T,900,20,1,376,70, / Cold Chain
FP3200P7156T,480,10,1,257,46, / Non Cold Chain
FP3200P7160T,60,1,1,392,77, / Non Cold Chain
FP3200P7161T,30,1,1,409,41, / Non Cold Chain
FP3200P7162T,480,20,1,153,68,Generics / Non Cold Chain
FP3200P7163T,1000,1,1,149,62,Generics / Non Cold Chain
FP3200P7164T,600,1,1,305,25,Generics / Non Cold Chain
FP3200P7165T,600,1,1,221,93,Generics / Non Cold Chain
FP3200P7166T,480,10,1,481,34, / Non Cold Chain
FP3200P7168T,480,10,1,391,10, / Non Cold Chain
FP3200P7170T,240,10,1,209,100, / Non Cold Chain
FP3200P7171T,240,10,1,384,63, / Non Cold Chain
FP3200P7172T,60,1,1,400,78, / Non Cold Chain
FP3200P7173T,60,1,1,290,25, / Non Cold Chain
FP3200P7174T,360,20,1,443,45, / Non Cold Chain
FP3200P7178T,2400,,1,487,31,Generics / Non Cold Chain
FP3200P7179T,2400,,1,147,30,Generics / Non Cold Chain
FP3200P7180T,2700,,1,203,46,Generics / Non Cold Chain
FP3200P7181T,1200,50,1,339,94,Generics / Non Cold Chain
FP3200P7183T,240,10,1,428,32, / Non Cold Chain
FP3200P7184T,450,10,1,375,24, / Non Cold Chain
FP3200P7186T,1400,,1,392,35,Generics / Non Cold Chain
FP3200P7187T,2400,1,1,485,59,Generics / Non Cold Chain
FP3200P7190T,1080,,1,136,93,Generics / Non Cold Chain
FP3200P7193T,720,1,1,315,82,Generics / Non Cold Chain
FP3200P7204T,900,10,1,217,59, / Non Cold Chain
FP3200P7206T,320,10,1,260,55, / Non Cold Chain
FP3200P7207T,180,10,1,285,89, / Non Cold Chain
FP3200P7208T,40,5,1,453,29, / Non Cold Chain
FP3200P7210T,80,5,1,406,28, / Non Cold Chain
FP3200P7211T,1800,10,1,214,26, / Non Cold Chain
FP3200P7213T,750,10,1,444,85, / Non Cold Chain
FP3200P7214T,2250,10,1,349,88, / Non Cold Chain
FP3200P7215T,1400,10,1,197,68, / Non Cold Chain
FP3200P7217T,160,10,1,175,96, / Non Cold Chain
FP3200P7220T,1200,20,1,356,94, / Non Cold Chain
FP3200P7222T,160,10,1,120,29, / Non Cold Chain
FP3200P7223T,120,10,1,293,49, / Non Cold Chain
FP3200P7224T,1200,20,1,376,78, / Non Cold Chain
FP3200P7225T,480,10,1,456,52, / Non Cold Chain
FP3200P7226T,240,10,1,206,18, / Non Cold Chain
FP3200P7227T,240,10,1,494,82, / Non Cold Chain
FP3200P7228T,1800,,1,279,79,Generics / Non Cold Chain
FP3200P7234T,900,10,1,443,18, / Non Cold Chain
FP3200P7236T,1920,,1,163,91, / Non Cold Chain
FP3200P7241T,70,,1,243,57,Generics / Non Cold Chain
FP3200P7242T,960,10,1,422,31,Generics / Non Cold Chain
FP3200P7243T,450,10,1,381,69, / Non Cold Chain
FP3200P7245T,1540,,1,196,49, / Non Cold Chain
FP3200P7251T,720,10,1,455,11, / Non Cold Chain
FP3200P7258T,1000,10,1,188,37, / Non Cold Chain
FP3200P7259T,600,10,1,399,81, / Non Cold Chain
FP3200P7260T,60,5,1,307,21, / Non Cold Chain
FP3200P7261T,40,5,1,178,47, / Non Cold Chain
FP3200P7264T,720,,1,135,49, / Non Cold Chain
FP3200P7275T,160,10,1,391,85, / Non Cold Chain
FP3200P7278T,1200,20,1,406,93, / Non Cold Chain
FP3200P7279T,1200,20,1,238,81, / Non Cold Chain
FP3200P7280T,1200,20,1,161,51, / Non Cold Chain
FP3200P7282T,480,20,1,225,85, / Non Cold Chain
FP3200P7284T,500,10,1,221,99, / Non Cold Chain
FP3200P7286T,1600,50,1,188,99, / Non Cold Chain
FP3200P7293T,1440,30,1,455,82,Generics / Non Cold Chain
FP3200P7294T,1440,30,1,347,62,Generics / Non Cold Chain
FP3200P7295T,126,14,1,465,93, / Non Cold Chain
FP3200P7297T,1200,,1,358,85,Generics / Non Cold Chain
FP3200P7298T,450,10,1,415,68, / Non Cold Chain
FP3200P7303T,480,10,1,458,43, / Non Cold Chain
FP3200P7304T,200,10,1,439,14, / Non Cold Chain
FP3200P7305T,480,10,1,470,15, / Non Cold Chain
FP3200P7306T,200,10,1,335,56, / Non Cold Chain
FP3200P7309T,480,10,1,246,90, / Non Cold Chain
FP3200P7312T,24,1,1,110,47, / Non Cold Chain
FP3200P7315T,80,5,1,188,73, / Non Cold Chain
FP3200P7316T,40,5,1,454,32, / Non Cold Chain
FP3200P7318T,24,4,1,291,79, / Non Cold Chain
FP3200P7322T,240,10,1,192,94, / Non Cold Chain
FP3200P7323T,720,,1,213,87,Generics / Non Cold Chain
FP3200P7331T,1600,,1,494,82, / Non Cold Chain
FP3200P7338T,450,25,1,266,36,Generics / Non Cold Chain
FP3200P7339T,600,1,1,436,22,Generics / Non Cold Chain
FP3200P7343T,200,10,1,283,16, / Non Cold Chain
FP3200P7344T,200,10,1,150,56, / Non Cold Chain
FP3200P7345T,200,10,1,149,83, / Non Cold Chain
FP3200P7346T,1800,,1,395,78,Generics / Non Cold Chain
FP3200P7347T,1350,10,1,109,22, / Non Cold Chain
FP3200P7353T,2880,,1,458,50, / Non Cold Chain
FP3200P7355T,1296,12,1,115,66, / Non Cold Chain
FP3200P7358T,120,5,1,104,98, / Non Cold Chain
FP3200P7360T,810,10,1,172,24, / Non Cold Chain
FP3200P7362T,480,10,1,102,18, / Non Cold Chain
FP3200P7363T,800,10,1,120,31, / Non Cold Chain
FP3200P7364T,60,1,1,315,59, / Non Cold Chain
FP3200P7365T,450,10,1,192,43, / Non Cold Chain
FP3200P7366T,1500,60,1,496,72, / Non Cold Chain
FP3200P7370T,200,10,1,248,45, / Non Cold Chain
FP3200P7371T,600,50,1,102,17, / Non Cold Chain
FP3200P7372T,400,50,1,216,44, / Non Cold Chain
FP3200P7374T,150,5,1,433,93, / Non Cold Chain
FP3200P7383T,150,,1,117,75,Generics / Non Cold Chain
FP3200P7387T,240,10,1,329,51, / Non Cold Chain
FP3200P7389T,240,10,1,208,89, / Non Cold Chain
FP3200P7394T,2700,50,1,232,39,Generics / Non Cold Chain
FP3200P7395T,2100,1,1,475,23,Generics / Non Cold Chain
FP3200P7396T,800,1,1,402,78,Generics / Non Cold Chain
FP3200P7397T,2160,30,1,465,89,Generics / Non Cold Chain
FP3200P7398T,2100,1,1,249,60,Generics / Non Cold Chain
FP3200P7399T,720,1,1,464,72,Generics / Non Cold Chain
FP3200P7400T,880,110,1,280,54,Generics / Non Cold Chain
FP3200P7401T,360,1,1,348,18,Generics / Non Cold Chain
FP3200P7402T,2100,50,1,183,35,Generics / Non Cold Chain
FP3200P7403T,1800,1,1,150,38,Generics / Non Cold Chain
FP3200P7404T,111,,1,243,14,Generics / Non Cold Chain
FP3200P7405T,270,9,1,252,38, / Non Cold Chain
FP3200P7406T,270,9,1,378,51, / Non Cold Chain
FP3200P7407T,270,9,1,351,15, / Non Cold Chain
FP3200P7408T,270,18,1,192,15, / Non Cold Chain
FP3200P7410T,432,18,1,500,98, / Non Cold Chain
FP3200P7411T,432,18,1,350,55, / Non Cold Chain
FP3200P7415T,800,50,1,434,61,Generics / Non Cold Chain
FP3200P7416T,1248,1,1,185,77,Generics / Non Cold Chain
FP3200P7417T,40,5,1,241,52, / Cold Chain
FP3200P7418T,150,25,1,459,45,Generics / Non Cold Chain
FP3200P7419T,800,,1,275,16,Generics / Non Cold Chain
FP3200P7420T,720,1,1,148,22,Generics / Non Cold Chain
FP3200P7421T,2250,1,1,311,70,Generics / Non Cold Chain
FP3200P7423T,800,50,1,479,38,Generics / Non Cold Chain
FP3200P7425T,4800,20,1,390,69,Generics / Non Cold Chain
FP3200P7431T,240,1,1,198,62,Generics / Non Cold Chain
FP3200P7475T,1125,,1,296,24,Generics / Non Cold Chain
FP3200P7476T,3150,25,1,439,46,Generics / Non Cold Chain
FP3200P7477T,3600,1,1,267,70,Generics / Non Cold Chain
FP3200P7478T,320,20,1,209,27,Generics / Non Cold Chain
FP3200P7479T,720,,1,156,92,Generics / Non Cold Chain
FP3200P7489T,960,,1,163,78, / Non Cold Chain
FP3200P7490T,320,10,1,238,72,Generics / Non Cold Chain
FP3200P7491T,600,20,1,214,43,Generics / Non Cold Chain
FP3200P7492T,360,1,1,500,28,Generics / Non Cold Chain
FP3200P7493T,360,20,1,138,52,Generics / Non Cold Chain
FP3200P7495T,240,1,1,285,25,Generics / Non Cold Chain
FP3200P7496T,240,1,1,251,13,Generics / Non Cold Chain
FP3200P7497T,100,1,1,103,17,Generics / Non Cold Chain
FP3200P7498T,1440,30,1,420,33,Generics / Non Cold Chain
FP3200P7499T,1440,30,1,197,47,Generics / Non Cold Chain
FP3200P7507T,120,,1,177,88, / Non Cold Chain
FP3200P7509T,60,10,1,408,66, / Cold Chain
FP3200P7510T,70,10,1,336,17, / Non Cold Chain
FP3200P7511T,24,10,1,400,41, / Non Cold Chain
FP3200P7512T,40,4,1,449,26, / Non Cold Chain
FP3200P7513T,40,4,1,136,44, / Non Cold Chain
FP3200P7514T,80,10,1,204,97, / Non Cold Chain
FP3200P7515T,900,10,1,432,93, / Non Cold Chain
FP3200P7516T,300,10,1,106,100,Generics / Non Cold Chain
FP3200P7517T,480,10,1,262,71, / Non Cold Chain
FP3200P7518T,360,10,1,157,67, / Non Cold Chain
FP3200P7519T,360,10,1,348,70, / Non Cold Chain
FP3200P7520T,30,,1,356,52, / Non Cold Chain
FP3200P7521T,240,30,1,160,63, / Non Cold Chain
FP3200P7522T,40,1,1,218,43, / Non Cold Chain
FP3200P7526T,1200,10,1,371,29, / Non Cold Chain
FP3200P7527T,700,10,1,331,77, / Non Cold Chain
FP3200P7530T,70,5,1,301,97, / Non Cold Chain
FP3200P7531T,24,3,1,333,12, / Non Cold Chain
FP3200P7532T,24,5,1,201,12, / Non Cold Chain
FP3200P7533T,9,3,1,344,11, / Non Cold Chain
FP3200P7534T,180,10,1,474,28, / Non Cold Chain
FP3200P7540T,960,,1,274,81,Generics / Non Cold Chain
FP3200P7541T,150,,1,246,34,Generics / Non Cold Chain
FP3200P7542T,120,,1,375,58,Generics / Non Cold Chain
FP3200P7543T,200,5,1,143,34, / Non Cold Chain
FP3200P7544T,1280,,1,465,17,Generics / Non Cold Chain
FP3200P7545T,27,1,1,235,36, / Non Cold Chain
FP3200P7547T,300,15,1,437,81, / Non Cold Chain
FP3200P7548T,1440,30,1,247,66, / Non Cold Chain
FP3200P7549T,360,20,1,347,35,Generics / Non Cold Chain
FP3200P7550T,1200,100,1,246,41, / Non Cold Chain
FP3200P7551T,1200,100,1,214,84,Generics / Non Cold Chain
FP3200P7552T,160,,1,379,42, / Non Cold Chain
FP3200P7553T,480,10,1,166,43, / Non Cold Chain
FP3200P7559T,300,10,1,204,68,Generics / Non Cold Chain
FP3200P7564T,120,10,1,206,28, / Non Cold Chain
FP3200P7565T,120,10,1,187,19, / Non Cold Chain
FP3200P7566T,120,10,1,389,40, / Non Cold Chain
FP3200P7567T,120,10,1,171,67, / Non Cold Chain
FP3200P7568T,120,10,1,159,51, / Non Cold Chain
FP3200P7569T,36,1,1,259,36, / Non Cold Chain
FP3200P7570T,504,12,1,413,96, / Non Cold Chain
FP3200P7572T,60,,1,375,57, / Non Cold Chain
FP3200P7573T,60,10,1,438,81, / Non Cold Chain
FP3200P7578T,120,1,1,143,66,Generics / Non Cold Chain
FP3200P7582T,360,10,1,463,43, / Non Cold Chain
FP3200P7583T,720,10,1,308,52, / Non Cold Chain
FP3200P7584T,1750,10,1,151,73, / Non Cold Chain
FP3200P7585T,960,10,1,493,14, / Non Cold Chain
FP3200P7586T,1750,10,1,195,94, / Non Cold Chain
FP3200P7588T,960,10,1,155,61, / Non Cold Chain
FP3200P7589T,720,10,1,226,57, / Non Cold Chain
FP3200P7590T,120,,1,326,12,Generics / Non Cold Chain
FP3200P7591T,3600,50,1,449,100,Generics / Non Cold Chain
FP3200P7593T,1080,,1,276,30,Generics / Non Cold Chain
FP3200P7594T,1080,,1,473,45,Generics / Non Cold Chain
FP3200P7601T,120,,1,422,80,Generics / Non Cold Chain
FP3200P7602T,120,1,1,353,38,Generics / Non Cold Chain
FP3200P7604T,120,1,1,238,15,Generics / Non Cold Chain
FP3200P7616T,240,10,1,319,45, / Non Cold Chain
FP3200P7617T,120,10,1,491,16, / Non Cold Chain
FP3200P7619T,240,10,1,226,42, / Non Cold Chain
FP3200P7628T,20,1,1,293,100, / Non Cold Chain
FP3200P7629T,1080,,1,417,24,Generics / Non Cold Chain
FP3200P7630T,720,15,1,235,81, / Non Cold Chain
FP3200P7632T,720,30,1,169,71, / Non Cold Chain
FP3200P7633T,450,15,1,484,63, / Non Cold Chain
FP3200P7634T,720,15,1,448,77, / Non Cold Chain
FP3200P7635T,360,15,1,441,73, / Non Cold Chain
FP3200P7636T,360,15,1,114,57, / Non Cold Chain
FP3200P7638T,160,10,1,483,16, / Non Cold Chain
FP3200P7645T,160,10,1,206,44, / Non Cold Chain
FP3200P7646T,480,10,1,176,33, / Non Cold Chain
FP3200P7647T,80,5,1,275,96, / Non Cold Chain
FP3200P7649T,480,10,1,351,93, / Non Cold Chain
FP3200P7650T,40,5,1,295,44, / Non Cold Chain
FP3200P7651T,200,10,1,408,11, / Non Cold Chain
FP3200P7653T,40,5,1,315,75, / Non Cold Chain
FP3200P7654T,160,10,1,100,99, / Non Cold Chain
FP3200P7657T,480,10,1,466,16, / Non Cold Chain
FP3200P7658T,200,10,1,117,13, / Non Cold Chain
FP3200P7659T,80,5,1,355,85, / Non Cold Chain
FP3200P7661T,480,10,1,363,96, / Non Cold Chain
FP3200P7671T,400,,1,119,38,Generics / Non Cold Chain
FP3200P7675T,120,10,1,377,35, / Non Cold Chain
FP3200P7676T,90,5,1,253,76, / Non Cold Chain
FP3200P7677T,20,1,1,428,35, / Non Cold Chain
FP3200P7680T,150,1,1,215,64,Generics / Non Cold Chain
FP3200P7681T,840,,1,423,10,Generics / Non Cold Chain
FP3200P7682T,1440,30,1,467,27,Generics / Non Cold Chain
FP3200P7685T,1440,20,1,415,46,Generics / Non Cold Chain
FP3200P7686T,720,,1,370,22,Generics / Non Cold Chain
FP3200P7688T,720,20,1,423,97,Generics / Non Cold Chain
FP3200P7689T,80,5,1,189,51, / Non Cold Chain
FP3200P7690T,80,5,1,385,82, / Non Cold Chain
FP3200P7693T,400,10,1,467,19,Generics / Non Cold Chain
FP3200P7694T,480,10,1,155,46,Generics / Non Cold Chain
FP3200P7701T,900,,1,461,28,Generics / Non Cold Chain
FP3200P7703T,48,4,1,225,31, / Non Cold Chain
FP3200P7704T,64,4,1,154,24, / Non Cold Chain
FP3200P7705T,80,5,1,235,42, / Non Cold Chain
FP3200P7706T,80,5,1,336,31, / Non Cold Chain
FP3200P7707T,40,5,1,134,60, / Non Cold Chain
FP3200P7710T,60,10,1,197,18, / Non Cold Chain
FP3200P7713T,540,,1,495,54, / Non Cold Chain
FP3200P7716T,810,15,1,467,52, / Non Cold Chain
FP3200P7718T,810,15,1,247,83, / Non Cold Chain
FP3200P7723T,200,10,1,223,67, / Non Cold Chain
FP3200P7724T,150,5,1,271,61, / Non Cold Chain
FP3200P7725T,150,5,1,274,99, / Non Cold Chain
FP3200P7727T,160,10,1,453,75, / Non Cold Chain
FP3200P7729T,160,10,1,155,97, / Non Cold Chain
FP3200P7730T,480,10,1,466,41, / Non Cold Chain
FP3200P7732T,480,10,1,322,30, / Non Cold Chain
FP3200P7734T,200,25,1,106,28, / Cold Chain
FP3200P7739T,1440,,1,140,55,Generics / Non Cold Chain
FP3200P7740T,3360,,1,415,75,Generics / Non Cold Chain
FP3200P7741T,3360,,1,308,26,Generics / Non Cold Chain
FP3200P7744T,3360,1,1,276,11,Generics / Non Cold Chain
FP3200P7751T,160,10,1,235,83, / Non Cold Chain
FP3200P7752T,160,10,1,383,26, / Non Cold Chain
FP3200P7753T,480,10,1,178,50, / Non Cold Chain
FP3200P7759T,810,10,1,187,92, / Non Cold Chain
FP3200P7768T,360,15,1,104,44, / Non Cold Chain
FP3200P7772T,900,30,1,320,47, / Non Cold Chain
FP3200P7773T,1080,30,1,172,15, / Non Cold Chain
FP3200P7774T,120,10,1,491,78, / Non Cold Chain
FP3200P7775T,900,10,1,472,38, / Non Cold Chain
FP3200P7777T,360,10,1,123,61, / Non Cold Chain
FP3200P7779T,800,10,1,361,91, / Non Cold Chain
FP3200P7780T,360,10,1,428,36, / Non Cold Chain
FP3200P7789T,140,5,1,296,18, / Non Cold Chain
FP3200P7790T,240,10,1,377,21, / Non Cold Chain
FP3200P7796T,1500,10,1,432,39,Generics / Non Cold Chain
FP3200P7800T,1200,20,1,318,15,Generics / Non Cold Chain
FP3200P7801T,420,10,1,115,85, / Non Cold Chain
FP3200P7802T,80,5,1,362,99, / Non Cold Chain
FP3200P7803T,80,5,1,413,73, / Non Cold Chain
FP3200P7805T,450,10,1,403,18,Generics / Non Cold Chain
FP3200P7807T,300,10,1,232,18, / Non Cold Chain
FP3200P7808T,720,,1,385,38, / Non Cold Chain
FP3200P7809T,4050,1,1,432,90,Generics / Non Cold Chain
FP3200P7810T,2000,50,1,316,57,Generics / Non Cold Chain
FP3200P7811T,1200,,1,487,83,Generics / Non Cold Chain
FP3200P7812T,4200,50,1,286,11,Generics / Non Cold Chain
FP3200P7813T,16,4,1,469,77, / Non Cold Chain
FP3200P7814T,180,9,1,325,92, / Non Cold Chain
FP3200P7815T,1400,10,1,405,16, / Non Cold Chain
FP3200P7816T,1400,10,1,128,76, / Non Cold Chain
FP3200P7817T,1200,10,1,465,13, / Non Cold Chain
FP3200P7819T,3600,50,1,313,60, / Non Cold Chain
FP3200P7820T,80,10,1,454,65, / Non Cold Chain
FP3200P7821T,80,10,1,238,54, / Non Cold Chain
FP3200P7826T,480,10,1,123,90, / Non Cold Chain
FP3200P7828T,450,10,1,465,72, / Non Cold Chain
FP3200P7829T,80,5,1,431,73, / Non Cold Chain
FP3200P7830T,80,5,1,427,37, / Non Cold Chain
FP3200P7831T,72,3,1,457,98, / Non Cold Chain
FP3200P7832T,800,20,1,303,23, / Non Cold Chain
FP3200P7833T,1440,20,1,192,71, / Non Cold Chain
FP3200P7834T,800,10,1,224,85, / Non Cold Chain
FP3200P7835T,4050,,1,366,20,Generics / Non Cold Chain
FP3200P7836T,4050,,1,467,65,Generics / Non Cold Chain
FP3200P7849T,120,10,1,282,82, / Non Cold Chain
FP3200P7854T,1920,,1,383,30,Generics / Non Cold Chain
FP3200P7855T,600,10,1,480,74,Generics / Non Cold Chain
FP3200P8338T,840,10,1,461,71, / Non Cold Chain
FP3200P8342T,360,30,1,255,71, / Non Cold Chain
FP3200P8345T,1440,10,1,271,43,Generics / Non Cold Chain
FP3200P8347T,5040,140,1,283,56, / Non Cold Chain
FP3200P8348T,3360,140,1,212,10, / Non Cold Chain
FP3200P8350T,400,10,1,111,87, / Non Cold Chain
FP3200P8352T,160,20,1,473,31, / Non Cold Chain
FP3200P8357T,225,5,1,419,88, / Non Cold Chain
FP3200P8358T,160,20,1,409,28, / Non Cold Chain
FP3200P8360T,160,10,1,370,82, / Non Cold Chain
FP3200P8364T,100,10,1,476,14, / Non Cold Chain
FP3200P8365T,60,,1,114,36, / Non Cold Chain
FP3200P8366T,60,10,1,466,15, / Non Cold Chain
FP3200P8368T,320,20,1,135,27, / Non Cold Chain
FP3200P8375T,240,,1,296,69, / Non Cold Chain
FP3200P8377T,400,10,1,119,55, / Non Cold Chain
FP3200P8378T,420,35,1,114,69, / Non Cold Chain
FP3200P8387T,200,5,1,335,61, / Non Cold Chain
FP3200P8389T,1800,10,1,329,10, / Non Cold Chain
FP3200P8394T,160,10,1,155,86, / Non Cold Chain
FP3200P8395T,3360,,1,293,27,Generics / Non Cold Chain
FP3200P8401T,1440,1,1,291,59,Generics / Non Cold Chain
FP3200P8402T,1800,60,1,216,36, / Non Cold Chain
FP3200P8403T,320,10,1,409,16,Generics / Non Cold Chain
FP3200P8404T,3150,1,1,422,16,Generics / Non Cold Chain
FP3200P8536T,960,10,1,378,52, / Non Cold Chain
FP3200P8537T,200,10,1,164,67, / Non Cold Chain
FP3200P8539T,160,10,1,304,20, / Non Cold Chain
FP3200P8549T,1200,20,1,484,63, / Non Cold Chain
FP3200P8553T,360,10,1,117,32,Generics / Non Cold Chain
FP3200P8557T,480,10,1,485,24, / Non Cold Chain
FP3200P8564T,111,,1,410,67,Generics / Non Cold Chain
FP3200P8568T,30,1,1,371,75,Generics / Non Cold Chain
FP3200P8575T,1000,1,1,253,46,Generics / Non Cold Chain
FP3200P8577T,1200,10,1,208,74, / Non Cold Chain
FP3200P8578T,1000,10,1,148,25, / Non Cold Chain
FP3200P8596T,900,30,1,375,28,Generics / Non Cold Chain
FP3200P8599T,240,30,1,325,37, / Non Cold Chain
FP3200P8608T,48,4,1,308,74, / Non Cold Chain
FP3200P8630T,360,30,1,388,57, / Non Cold Chain
FP3200P8631T,360,30,1,467,12, / Non Cold Chain
FP3200P8633T,360,30,1,155,78, / Non Cold Chain
FP3200P8640T,360,30,1,391,22, / Non Cold Chain
FP3200P8647T,160,10,1,346,46, / Non Cold Chain
FP3200P8650T,450,25,1,159,43, / Non Cold Chain
FP3200P8651T,300,10,1,125,57, / Non Cold Chain
FP3200P8668T,540,10,1,288,83, / Non Cold Chain
FP3200P8674T,720,30,1,109,75,Generics / Non Cold Chain
FP3200P8678T,900,20,1,293,72,Generics / Non Cold Chain
FP3200P8679T,480,10,1,296,95, / Non Cold Chain
FP3200P8680T,111,,1,273,95,Generics / Non Cold Chain
FP3200P8681T,100,10,1,270,86, / Non Cold Chain
FP3200P8682T,111,,1,116,84,Generics / Non Cold Chain
FP3200P8683T,111,,1,398,89,Generics / Non Cold Chain
FP3200P8684T,160,10,1,311,42, / Non Cold Chain
FP3200P8685T,160,10,1,186,26, / Non Cold Chain
FP3200P8695T,400,20,1,379,66, / Non Cold Chain
FP3200P8707T,1050,10,1,355,27, / Non Cold Chain
FP3200P8708T,600,10,1,433,58, / Non Cold Chain
FP3200P8713T,111,,1,322,17,Generics / Non Cold Chain
FP3200P8719T,420,10,1,267,99, / Non Cold Chain
FP3200P8721T,420,10,1,233,28, / Non Cold Chain
FP3200P8739T,360,30,1,144,21, / Non Cold Chain
FP3200P8745T,111,,1,290,81,Generics / Non Cold Chain
FP3200P8750T,111,,1,485,18,Generics / Non Cold Chain
FP3200P8752T,111,,1,262,65,Generics / Non Cold Chain
FP3200P8753T,600,20,1,310,33,Generics / Non Cold Chain
FP3200P8764T,600,10,1,398,55, / Non Cold Chain
FP3200P8765T,111,,1,324,54,Generics / Non Cold Chain
FP3200P8768T,100,10,1,329,72, / Non Cold Chain
FP3200P8771T,400,10,1,184,15, / Non Cold Chain
FP3200P8772T,400,10,1,192,22, / Non Cold Chain
FP3200P8781T,800,10,1,163,67,Generics / Non Cold Chain
FP3200P8796T,100,10,1,151,97, / Non Cold Chain
FP3200P8808T,80,1,1,195,68, / Non Cold Chain
FP3200P8822T,360,10,1,437,54, / Non Cold Chain
FP3200P8845T,600,10,1,448,57, / Non Cold Chain
FP3200P8846T,360,10,1,196,42, / Non Cold Chain
FP3200P8847T,420,10,1,296,13, / Non Cold Chain
FP3200P8850T,120,10,1,444,54, / Non Cold Chain
FP3200P8853T,100,10,1,162,58, / Non Cold Chain
FP3200P8854T,10,10,1,374,85, / Non Cold Chain
FP3200P8856T,480,20,1,119,62, / Non Cold Chain
FP3200P8860T,100,10,1,228,68, / Non Cold Chain
FP3200P8868T,240,1,1,458,22,Generics / Non Cold Chain
FP3200P8876T,40,5,1,449,65, / Non Cold Chain
FP3200P8880T,160,10,1,396,59, / Non Cold Chain
FP3200P8891T,450,10,1,396,80, / Non Cold Chain
FP3200P8892T,450,10,1,500,35, / Non Cold Chain
FP3200P8894T,160,10,1,157,12, / Non Cold Chain
FP3200P8896T,160,10,1,385,57, / Non Cold Chain
FP3200P8900T,450,10,1,132,51, / Non Cold Chain
FP3200P8901T,1500,,1,352,13, / Non Cold Chain
FP3200P8903T,40,10,1,317,11, / Cold Chain
FP3200P8904T,60,5,1,115,24, / Non Cold Chain
FP3200P8906T,40,5,1,253,45, / Non Cold Chain
FP3200P8907T,160,20,1,369,54, / Non Cold Chain
FP3200P8917T,300,15,1,161,61, / Non Cold Chain
FP3200P8918T,200,10,1,192,63, / Non Cold Chain
FP3200P8920T,450,10,1,208,14, / Non Cold Chain
FP3200P8921T,30,5,1,294,67, / Non Cold Chain
FP3200P8934T,400,10,1,353,97, / Non Cold Chain
FP3200P8936T,111,,1,361,53,Generics / Non Cold Chain
FP3200P8937T,300,5,1,123,54, / Non Cold Chain
FP3200P8938T,80,10,1,223,63, / Non Cold Chain
FP3200P8939T,120,10,1,266,33, / Non Cold Chain
FP3200P8940T,3600,1,1,401,79,Generics / Non Cold Chain
FP3200P8941T,120,10,1,466,15, / Non Cold Chain
FP3200P8949T,160,10,1,297,43, / Non Cold Chain
FP3200P8950T,160,10,1,339,65, / Non Cold Chain
FP3200P8951T,160,10,1,377,18, / Non Cold Chain
FP3200P8952T,160,20,1,466,49, / Non Cold Chain
FP3200P8953T,480,20,1,225,80, / Non Cold Chain
FP3200P8957T,160,10,1,382,72, / Non Cold Chain
FP3200P8958T,1200,,1,489,50, / Non Cold Chain
FP3200P8961T,120,10,1,500,71, / Non Cold Chain
FP3200P8968T,100,,1,181,17, / Non Cold Chain
FP3200P8970T,,,1,419,56, / Non Cold Chain
FP3200P9141T,24,1,1,404,31, / Non Cold Chain
FP3200P9142T,192,4,1,451,91, / Non Cold Chain
FP3200P9145T,12,1,1,491,26, / Non Cold Chain
FP3200P9147T,60,3,1,245,90, / Non Cold Chain
FP3200P9151T,50,5,1,387,96, / Non Cold Chain
FP3200P9152T,120,5,1,257,64, / Non Cold Chain
FP3200P9156T,160,,1,224,85, / Non Cold Chain
FP3200P9161T,40,1,1,317,56, / Non Cold Chain
FP3200P9162T,40,1,1,337,57, / Non Cold Chain
FP3200P9186T,384,6,1,424,39, / Non Cold Chain
FP3200P9187T,192,6,1,309,15, / Non Cold Chain
FP3200P9188T,192,6,1,465,97, / Non Cold Chain
FP3200P9191T,20,1,1,320,22, / Non Cold Chain
FP3200P9192T,150,5,1,128,28, / Non Cold Chain
FP3200P9193T,3360,140,1,384,40, / Non Cold Chain
FP3200P9267T,450,,1,325,64, / Non Cold Chain
FP3200P9268T,600,,1,465,11, / Non Cold Chain
FP3200P9269T,480,,1,237,30, / Non Cold Chain
FP3200P9271T,120,,1,468,58, / Non Cold Chain
FP3200P9272T,1500,,1,247,46, / Non Cold Chain
FP3200P9273T,2400,,1,157,96, / Non Cold Chain
FP3200P9274T,1600,,1,235,34, / Non Cold Chain
FP3200P9275T,1728,,1,469,62, / Non Cold Chain
FP3200P9277T,1440,,1,183,58, / Non Cold Chain
FP3200P9278T,1440,,1,305,96, / Non Cold Chain
FP3200P9282T,1500,,1,105,47, / Non Cold Chain
FP3200P9283T,100,,1,472,10, / Non Cold Chain
FP3200P9285T,600,,1,216,89, / Non Cold Chain
FP3200P9289T,400,,1,108,46, / Non Cold Chain
FP3200P9290T,120,,1,493,66, / Non Cold Chain
FP3200P9291T,2025,,1,253,32, / Non Cold Chain
FP3200P9293T,720,,1,344,47, / Non Cold Chain
FP3200P9299T,140,,1,175,28, / Non Cold Chain
FP3200P9300T,1320,,1,436,27, / Non Cold Chain
FP3200P9302T,160,,1,140,21, / Non Cold Chain
FP3200P9303T,480,,1,408,68, / Non Cold Chain
FP3200P9304T,240,,1,464,92, / Non Cold Chain
FP3200P9306T,50,,1,383,31, / Non Cold Chain
FP3200P9307T,1800,,1,101,22, / Non Cold Chain
FP3200P9309T,2400,10,1,493,44, / Non Cold Chain
FP3200P9316T,160,,1,259,21, / Non Cold Chain
FP3200P9317T,160,,1,289,22, / Non Cold Chain
FP3200P9318T,480,,1,150,74, / Non Cold Chain
FP3200P9319T,480,,1,113,18, / Non Cold Chain
FP3200P9320T,480,,1,350,58, / Non Cold Chain
FP3200P9321T,120,5,1,286,18, / Non Cold Chain
FP3200P9322T,480,,1,174,61, / Non Cold Chain
FP3200P9324T,120,,1,177,51, / Non Cold Chain
FP3200P9329T,960,,1,424,83, / Non Cold Chain
FP3200P9330T,160,10,1,174,28, / Non Cold Chain
FP3200P9331T,1200,,1,469,73, / Non Cold Chain
FP3200P9334T,480,,1,131,12, / Non Cold Chain
FP3200P9335T,240,,1,389,77, / Non Cold Chain
FP3200P9337T,1200,,1,201,14, / Non Cold Chain
FP3200P9338T,1200,,1,456,24, / Non Cold Chain
FP3200P9339T,1000,,1,127,29, / Non Cold Chain
FP3200P9340T,3920,,1,181,91, / Non Cold Chain
FP3200P9344T,900,,1,467,44, / Non Cold Chain
FP3200P9345T,675,,1,371,36, / Non Cold Chain
FP3200P9346T,540,,1,126,56, / Non Cold Chain
FP3200P9348T,420,,1,397,63, / Non Cold Chain
FP3200P9349T,500,,1,409,30, / Non Cold Chain
FP3200P9350T,100,,1,275,69, / Non Cold Chain
FP3200P9351T,120,10,1,204,50, / Non Cold Chain
FP3200P9353T,600,,1,252,34, / Non Cold Chain
FP3200P9355T,1600,,1,302,78, / Non Cold Chain
FP3200P9357T,1400,,1,235,14, / Non Cold Chain
FP3200P9359T,900,,1,310,81, / Non Cold Chain
FP3200P9361T,1815,,1,447,60, / Non Cold Chain
FP3200P9362T,1620,,1,136,18, / Non Cold Chain
FP3200P9363T,2100,,1,181,21, / Non Cold Chain
FP3200P9365T,3920,,1,239,79, / Non Cold Chain
FP3200P9368T,480,10,1,452,83, / Non Cold Chain
FP3200P9369T,50,,1,131,29, / Non Cold Chain
FP3200P9370T,480,,1,222,82, / Non Cold Chain
FP3200P9373T,480,,1,123,89, / Non Cold Chain
FP3200P9374T,480,,1,116,30, / Non Cold Chain
FP3200P9377T,450,,1,362,36, / Non Cold Chain
FP3200P9382T,160,,1,154,69, / Non Cold Chain
FP3200P9384T,480,,1,490,99, / Non Cold Chain
FP3200P9385T,675,,1,473,76, / Non Cold Chain
FP3200P9387T,720,,1,167,59, / Non Cold Chain
FP3200P9389T,2000,,1,245,96, / Non Cold Chain
FP3201P0500T,800,20,1,476,97, / Non Cold Chain
FP3201P0501T,27,3,1,237,31, / Non Cold Chain
FP3201P0502T,15,5,1,188,67, / Non Cold Chain
FP3201P0503T,15,5,1,348,72, / Non Cold Chain
FP3201P0504T,200,10,1,244,21, / Cold Chain
FP3201P0505T,12,1,1,372,38, / Non Cold Chain
FP3201P0533T,30,1,1,167,90, / Non Cold Chain
FP3201P0544T,160,10,1,217,57, / Non Cold Chain
FP3201P0545T,100,10,1,469,78, / Non Cold Chain
FP3201P0551T,20,4,1,435,76, / Cold Chain
FP3201P0554T,12,3,1,482,100, / Cold Chain
FP3201P0555T,60,5,1,322,13, / Non Cold Chain
FP3201P0560T,540,10,1,267,11, / Non Cold Chain
FP3201P0562T,576,24,1,119,33,Generics / Non Cold Chain
FP3201P0569T,,,1,398,58,Generics / Non Cold Chain
FP3201P0602T,720,20,1,283,89,Generics / Non Cold Chain
FP3201P1382T,480,,1,150,10, / Non Cold Chain
FP3201P3032T,1680,60,1,392,91, / Non Cold Chain
FP3201P3037T,1200,,1,129,41, / Non Cold Chain
FP3201P3038T,120,10,1,251,82, / Non Cold Chain
FP3201P3039T,120,10,1,370,86, / Non Cold Chain
FP3201P3040T,120,15,1,440,50, / Non Cold Chain
FP3201P3041T,1470,10,1,345,53, / Non Cold Chain
FP3201P3042T,2400,100,1,241,96, / Non Cold Chain
FP3201P3044T,20,1,1,287,30, / Cold Chain
FP3201P3045T,20,1,1,121,63, / Cold Chain
FP3201P3046T,50,5,1,106,59, / Non Cold Chain
FP3201P3662T,,,1,126,20,Generics / Non Cold Chain
FP3201P3663T,,,1,411,98,Generics / Non Cold Chain
FP3201P3664T,,,1,361,44,Generics / Non Cold Chain
FP3201P3665T,,,1,213,14,Generics / Non Cold Chain
FP3201P3669T,,,1,406,36,Generics / Non Cold Chain
FP3201P3670T,,,1,243,87,Generics / Non Cold Chain
FP3201P3671T,,,1,165,51,Generics / Non Cold Chain
FP3201P3672T,3150,,1,268,28,Generics / Non Cold Chain
FP3201P3673T,100,1,1,360,33,Generics / Non Cold Chain
FP3201P3674T,400,20,1,175,66,Generics / Non Cold Chain
FP3201P3675T,,,1,281,60,Generics / Non Cold Chain
FP3201P4106T,120,,1,281,81, / Non Cold Chain
FP3201P4107T,240,10,1,154,13, / Non Cold Chain
FP3201P4108T,30,1,1,292,33, / Non Cold Chain
FP3201P4109T,320,10,1,381,30, / Non Cold Chain
FP3201P4111T,2400,,1,101,99, / Non Cold Chain
FP3201P4113T,240,10,1,224,84, / Non Cold Chain
FP3201P4114T,320,10,1,140,34, / Non Cold Chain
FP3201P4115T,486,18,1,486,11, / Non Cold Chain
FP3201P4116T,486,18,1,429,84, / Non Cold Chain
FP3201P4117T,486,18,1,178,61, / Non Cold Chain
FP3201P4118T,486,18,1,238,17, / Non Cold Chain
FP3201P4119T,486,18,1,332,91, / Non Cold Chain
FP3201P4120T,486,18,1,146,52, / Non Cold Chain
FP3201P4130T,486,,1,455,50, / Non Cold Chain
FP3201P4131T,486,,1,283,53, / Non Cold Chain
FP3201P4132T,486,,1,232,64, / Non Cold Chain
FP3201P4133T,486,,1,139,59, / Non Cold Chain
FP3201P4134T,486,,1,219,36, / Non Cold Chain
FP3201P4135T,486,,1,445,78, / Non Cold Chain
FP3201P4173T,1440,,1,197,13,Generics / Non Cold Chain
FP3201P4174T,900,,1,420,44,Generics / Non Cold Chain
FP3201P4175T,720,,1,210,12,Generics / Non Cold Chain
FP3201P4176T,120,1,1,247,47,Generics / Non Cold Chain
FP3201P4177T,2025,1,1,465,88,Generics / Non Cold Chain
FP3201P4191T,80,5,1,282,64, / Non Cold Chain
FP3201P4192T,80,5,1,386,46, / Non Cold Chain
FP3201P4258T,140,1,1,258,33, / Non Cold Chain
FP3201P4259T,140,1,1,427,10, / Non Cold Chain
FP3201P4271T,36,3,1,460,90, / Non Cold Chain
FP3201P4272T,24,3,1,371,56, / Non Cold Chain
FP3201P4273T,1200,20,1,474,66, / Non Cold Chain
FP3201P4283T,12,3,1,353,64, / Non Cold Chain
FP3201P4308T,720,10,1,395,92,Generics / Non Cold Chain
FP3201P4309T,450,,1,156,92, / Non Cold Chain
FP3201P4318T,480,20,1,453,57,Generics / Non Cold Chain
FP3201P4322T,400,10,1,363,90, / Non Cold Chain
FP3201P4346T,30,1,1,350,35, / Non Cold Chain
FP3201P4347T,30,,1,126,29, / Non Cold Chain
FP3201P4357T,,,1,475,47,Generics / Non Cold Chain
FP3201P4358T,,,1,482,15,Generics / Non Cold Chain
FP3201P4359T,,,1,489,11,Generics / Non Cold Chain
FP3201P4360T,,,1,231,95,Generics / Non Cold Chain
FP3201P4361T,,,1,245,80,Generics / Non Cold Chain
FP3201P4362T,,,1,391,79,Generics / Non Cold Chain
FP3201P4363T,,,1,178,88,Generics / Non Cold Chain
FP3201P4439T,,,1,332,100,Generics / Non Cold Chain
FP3201P4570T,480,,1,462,66, / Non Cold Chain
FP3201P4577T,500,,1,424,16, / Non Cold Chain
FP3201P4578T,1680,,1,370,39, / Non Cold Chain
FP3201P4579T,50,5,1,125,19, / Non Cold Chain
FP3201P4635T,12,3,1,372,75, / Non Cold Chain
FP3201P4690T,300,25,1,291,67, / Non Cold Chain
FP3201P4691T,300,25,1,283,76, / Non Cold Chain
FP3201P4692T,480,10,1,183,100, / Non Cold Chain
FP3201P4693T,480,1,1,500,35, / Non Cold Chain
FP3201P4694T,480,10,1,434,31, / Non Cold Chain
FP3201P4695T,480,10,1,207,73, / Non Cold Chain
FP3201P4789T,140,5,1,245,28, / Non Cold Chain
FP3201P4790T,48,,1,402,22, / Cold Chain
FP3201P4797T,160,,1,130,88, / Non Cold Chain
FP3201P4845T,480,10,1,313,21, / Non Cold Chain
FP3201P4846T,480,30,1,334,30, / Non Cold Chain
FP3201P4847T,30,1,1,267,59, / Non Cold Chain
FP3201P4918T,,,1,415,28,Generics / Non Cold Chain
FP3201P4919T,72,1,1,154,10,Generics / Non Cold Chain
FP3201P4974T,1200,,1,238,49, / Non Cold Chain
FP3201P4976T,1200,,1,208,44, / Non Cold Chain
FP3201P4979T,450,25,1,106,51, / Non Cold Chain
FP3201P5020T,160,10,1,229,26, / Non Cold Chain
FP3201P5044T,240,,1,373,17, / Non Cold Chain
FP3201P5118T,54,9,1,460,84, / Non Cold Chain
FP3201P5120T,54,9,1,138,47, / Non Cold Chain
FP3201P5211T,96,4,1,451,96, / Non Cold Chain
FP3201P5212T,111,,1,458,66, / Non Cold Chain
FP3201P5213T,60,,1,413,46, / Non Cold Chain
FP3201P5214T,96,1,1,219,91, / Cold Chain
FP3201P5310T,111,,1,321,62, / Non Cold Chain
FP3201P5311T,120,5,1,118,35, / Non Cold Chain
FP3201P5312T,40,1,1,221,53, / Non Cold Chain
FP3201P5344T,111,,1,170,98, / Non Cold Chain
FP3201P5345T,111,,1,262,75, / Non Cold Chain
FP3201P5346T,486,18,1,240,90, / Non Cold Chain
FP3201P5347T,486,18,1,320,24, / Non Cold Chain
FP3201P5369T,111,,1,431,76, / Non Cold Chain
FP3201P5427T,50,1,1,106,45,Generics / Non Cold Chain
FP3201P5429T,,,1,263,13,Generics / Non Cold Chain
FP3201P5430T,111,,1,218,70, / Non Cold Chain
FP3201P5431T,1440,20,1,241,69,Generics / Non Cold Chain
FP3201P5450T,500,10,1,323,68, / Non Cold Chain
FP3201P5451T,111,,1,405,31, / Non Cold Chain
FP3201P5452T,3900,30,1,498,56, / Cold Chain
FP3201P5500T,,,1,258,87,Generics / Non Cold Chain
FP3201P5501T,,,1,239,67,Generics / Non Cold Chain
FP3201P5505T,240,10,1,342,27, / Non Cold Chain
FP3201P5517T,160,5,1,500,58, / Non Cold Chain
FP3201P5518T,210,5,1,212,92, / Non Cold Chain
FP3201P5651T,160,10,1,188,82, / Non Cold Chain
FP3201P5652T,160,10,1,179,65, / Non Cold Chain
FP3201P5653T,120,10,1,140,62, / Non Cold Chain
FP3201P5655T,160,20,1,264,84, / Non Cold Chain
FP3201P5657T,200,10,1,392,43, / Non Cold Chain
FP3201P5690T,480,20,1,128,20,Generics / Non Cold Chain
FP3201P5691T,480,20,1,243,25,Generics / Non Cold Chain
FP3201P5692T,,,1,277,45,Generics / Non Cold Chain
FP3201P5693T,,,1,116,55,Generics / Non Cold Chain
FP3201P5701T,450,5,1,130,45, / Non Cold Chain
FP3201P5702T,450,5,1,261,96, / Non Cold Chain
FP3201P5751T,111,,1,263,19, / Non Cold Chain
FP3201P5778T,,,1,341,86,Generics / Non Cold Chain
FP3201P5802T,12,4,1,367,91, / Non Cold Chain
FP3201P5804T,1800,,1,406,17, / Non Cold Chain
FP3201P5805T,960,10,1,473,21, / Non Cold Chain
FP3201P5849T,480,10,1,491,39, / Non Cold Chain
FP3201P5862T,90,1,1,218,22, / Cold Chain
FP3201P5863T,111,,1,184,20, / Non Cold Chain
FP3201P5864T,,,1,210,66,Generics / Non Cold Chain
FP3201P5869T,120,1,1,259,55,Generics / Non Cold Chain
FP3201P5870T,120,6,1,130,15,Generics / Non Cold Chain
FP3201P5874T,630,5,1,339,79, / Non Cold Chain
FP3201P5875T,160,20,1,477,75, / Non Cold Chain
FP3201P5882T,160,20,1,161,49, / Non Cold Chain
FP3201P5885T,120,10,1,119,33, / Non Cold Chain
FP3201P5887T,111,,1,217,30, / Non Cold Chain
FP3201P5913T,480,1,1,365,18,Generics / Non Cold Chain
FP3201P5931T,72,3,1,356,57, / Non Cold Chain
FP3201P5932T,450,10,1,328,43, / Non Cold Chain
FP3201P5948T,1800,30,1,167,72, / Non Cold Chain
FP3201P5949T,1500,50,1,466,47, / Non Cold Chain
FP3201P5956T,720,30,1,336,55, / Non Cold Chain
FP3201P5957T,180,10,1,360,61, / Non Cold Chain
FP3201P5967T,,,1,372,65,Generics / Non Cold Chain
FP3201P5968T,80,5,1,134,21, / Non Cold Chain
FP3201P6014T,2400,,1,217,74, / Non Cold Chain
FP3201P6015T,2400,,1,332,43, / Non Cold Chain
FP3201P6021T,200,,1,466,99, / Non Cold Chain
FP3201P6035T,111,,1,463,50, / Cold Chain
FP3201P6055T,,,1,376,71,Generics / Non Cold Chain
FP3201P6079T,,,1,486,52,Generics / Non Cold Chain
FP3201P6080T,,,1,196,96,Generics / Non Cold Chain
FP3201P6083T,111,,1,422,84, / Cold Chain
FP3201P6087T,60,10,1,291,73, / Non Cold Chain
FP3201P6088T,120,,1,325,57, / Non Cold Chain
FP3201P6112T,111,,1,306,55, / Non Cold Chain
FP3201P6114T,160,,1,369,25, / Non Cold Chain
FP3201P6115T,160,,1,460,28, / Non Cold Chain
FP3201P6120T,720,10,1,121,14, / Non Cold Chain
FP3201P6121T,720,10,1,436,29, / Non Cold Chain
FP3201P6124T,60,5,1,210,22, / Non Cold Chain
FP3201P6127T,144,1,1,378,43,Generics / Non Cold Chain
FP3201P6128T,120,1,1,472,50,Generics / Non Cold Chain
FP3201P6129T,120,,1,105,19,Generics / Non Cold Chain
FP3201P6136T,480,,1,248,25, / Non Cold Chain
FP3201P6141T,72,3,1,174,27, / Non Cold Chain
FP3201P6166T,240,20,1,348,54, / Non Cold Chain
FP3201P6167T,240,20,1,410,29, / Non Cold Chain
FP3201P6168T,30,15,1,234,31, / Non Cold Chain
FP3201P6169T,63,21,1,289,83, / Non Cold Chain
FP3201P6199T,240,30,1,381,46, / Non Cold Chain
FP3201P6212T,120,1,1,172,82,Generics / Non Cold Chain
FP3201P6213T,,,1,319,59,Generics / Non Cold Chain
FP3201P6214T,,,1,422,71,Generics / Non Cold Chain
FP3201P6241T,,,1,233,19,Generics / Non Cold Chain
FP3201P6337T,120,,1,274,99, / Non Cold Chain
FP3201P6338T,160,,1,309,72, / Non Cold Chain
FP3201P6339T,480,10,1,284,91, / Non Cold Chain
FP3201P6403T,160,,1,363,72, / Non Cold Chain
FP3201P6405T,480,,1,301,81, / Non Cold Chain
FP3201P6466T,540,,1,143,89, / Non Cold Chain
FP3201P6557T,25,1,1,360,20, / Non Cold Chain
FP3201P6559T,80,20,1,104,15, / Non Cold Chain
FP3201P6634T,480,10,1,390,20, / Non Cold Chain
FP3201P6635T,480,10,1,272,65, / Non Cold Chain
FP3201P6636T,480,10,1,352,68, / Non Cold Chain
FP3201P6639T,150,5,1,336,31, / Non Cold Chain
FP3201P6651T,320,10,1,137,25, / Non Cold Chain
FP3201P6652T,180,10,1,410,16, / Non Cold Chain
FP3201P6667T,,,1,390,63,Generics / Non Cold Chain
FP3201P6668T,,,1,162,96,Generics / Non Cold Chain
FP3201P6669T,100,1,1,317,79,Generics / Non Cold Chain
FP3201P6670T,,,1,255,37,Generics / Non Cold Chain
FP3201P6735T,100,25,1,303,66,Generics / Non Cold Chain
FP3201P6737T,400,20,1,460,88,Generics / Non Cold Chain
FP3201P6738T,400,20,1,424,45,Generics / Non Cold Chain
FP3201P6739T,180,10,1,226,99,Generics / Non Cold Chain
FP3201P6740T,180,10,1,118,13,Generics / Non Cold Chain
FP3201P6828T,70,5,1,352,95, / Non Cold Chain
FP3201P6834T,,,1,133,40,Generics / Non Cold Chain
FP3201P6837T,600,10,1,499,11,Generics / Non Cold Chain
FP3201P6838T,240,10,1,119,96, / Non Cold Chain
FP3201P6897T,100,1,1,203,14,Generics / Non Cold Chain
FP3201P6898T,100,1,1,440,34,Generics / Non Cold Chain
FP3201P6936T,111,,1,282,71, / Non Cold Chain
FP3201P6957T,900,1,1,424,17,Generics / Non Cold Chain
FP3201P7014T,160,20,1,121,17, / Non Cold Chain
FP3201P7048T,480,10,1,276,66, / Non Cold Chain
FP3201P7081T,1500,50,1,405,27, / Non Cold Chain
FP3201P7083T,324,,1,210,64, / Non Cold Chain
FP3201P7131T,486,18,1,147,13, / Non Cold Chain
FP3201P7132T,486,18,1,478,43, / Non Cold Chain
FP3201P7171T,900,15,1,108,64,Generics / Non Cold Chain
FP3201P7201T,,,1,180,80,Generics / Non Cold Chain
FP3201P7202T,800,,1,342,34,Generics / Non Cold Chain
FP3201P7211T,480,,1,329,87, / Non Cold Chain
FP3201P7225T,96,4,1,181,12, / Non Cold Chain
FP3201P7226T,12,4,1,110,62, / Non Cold Chain
FP3201P7284T,600,20,1,387,38,Generics / Non Cold Chain
FP3201P7291T,111,,1,433,23, / Cold Chain
FP3201P7292T,111,,1,237,69, / Cold Chain
FP3201P7293T,111,,1,154,98, / Cold Chain
FP3201P7339T,540,10,1,436,57,Generics / Non Cold Chain
FP3201P7340T,240,10,1,237,15,Generics / Non Cold Chain
FP3201P7361T,240,10,1,180,18,Generics / Non Cold Chain
FP3201P7362T,240,10,1,223,98,Generics / Non Cold Chain
FP3201P7412T,240,,1,113,44, / Non Cold Chain
FP3201P7608T,200,25,1,380,81,Generics / Non Cold Chain
FP3201P7722T,300,10,1,175,71, / Non Cold Chain
FP3201P7724T,300,10,1,219,93, / Non Cold Chain
FP3201P7759T,,,1,324,20,Generics / Non Cold Chain
FP3201P7760T,,,1,421,20,Generics / Non Cold Chain
FP3201P7823T,36,6,1,226,100, / Non Cold Chain
FP3201P7996T,36,,1,306,25, / Non Cold Chain
FP3201P7997T,36,,1,359,50, / Non Cold Chain
FP3201P8087T,320,10,1,340,28,Generics / Non Cold Chain
FP3201P8089T,,,1,115,44, / Non Cold Chain
FP3201P8091T,111,,1,191,78, / Non Cold Chain
FP3201P8121T,300,10,1,316,44,Generics / Non Cold Chain
FP3201P8122T,300,10,1,342,16,Generics / Non Cold Chain
FP3201P8123T,360,20,1,139,12,Generics / Non Cold Chain
FP3201P8146T,300,10,1,126,68, / Non Cold Chain
FP3201P8151T,720,30,1,342,93, / Non Cold Chain
FP3201P8181T,120,5,1,194,45, / Non Cold Chain
FP3201P8222T,300,10,1,187,12, / Non Cold Chain
FP3201P8283T,480,10,1,267,26,Generics / Non Cold Chain
FP3201P8284T,240,10,1,184,58,Generics / Non Cold Chain
FP3201P8287T,400,10,1,353,11,Generics / Non Cold Chain
FP3201P8300T,111,,1,190,92, / Non Cold Chain
FP3201P8307T,150,5,1,102,46, / Non Cold Chain
FP3201P8308T,111,,1,275,31, / Non Cold Chain
FP3201P8313T,72,3,1,390,25, / Non Cold Chain
FP3201P8405T,100,5,1,291,87, / Non Cold Chain
FP3201P8406T,80,5,1,476,58, / Non Cold Chain
FP3201P8435T,120,,1,112,49, / Non Cold Chain
FP3201P8442T,111,,1,260,35, / Non Cold Chain
FP3201P8445T,111,,1,184,100, / Non Cold Chain
FP3201P8593T,,,1,308,44,Generics / Non Cold Chain
FP3201P8595T,100,1,1,450,54,Generics / Non Cold Chain
FP3201P8649T,640,,1,402,47, / Non Cold Chain
FP3201P8906T,180,5,1,238,53, / Non Cold Chain
FP3201P8981T,600,,1,282,25,Generics / Non Cold Chain
FP3201P8982T,720,,1,210,44,Generics / Non Cold Chain
FP3201P8994T,40,1,1,295,17,Generics / Non Cold Chain
FP3201P8995T,40,1,1,152,90,Generics / Non Cold Chain
FP3201P9129T,132,,1,114,99, / Non Cold Chain
FP3201P9130T,360,,1,102,87, / Non Cold Chain
FP3201P9161T,400,20,1,391,89, / Non Cold Chain
FP3201P9162T,400,20,1,405,44, / Non Cold Chain
FP3201P9166T,400,20,1,458,40, / Non Cold Chain
FP3201P9167T,400,20,1,318,100, / Non Cold Chain
FP3201P9204T,1080,,1,466,87,Generics / Non Cold Chain
FP3201P9406T,720,15,1,249,56, / Non Cold Chain
FP3201P9423T,120,1,1,334,11,Generics / Non Cold Chain
FP3201P9438T,,,1,435,81, / Non Cold Chain
FP3201P9482T,48,3,1,303,72, / Non Cold Chain
FP3201P9503T,1680,10,1,107,93, / Non Cold Chain
FP3201P9581T,160,1,1,480,31, / Cold Chain
FP3201P9661T,240,15,1,178,52, / Non Cold Chain
FP3201P9735T,24,3,1,341,28, / Non Cold Chain
FP3201P9772T,,,1,336,16, / Non Cold Chain
FP3201P9781T,120,5,1,280,38, / Non Cold Chain
FP3201P9821T,360,20,1,154,81,Generics / Non Cold Chain
FP3201P9822T,120,1,1,466,80,Generics / Non Cold Chain
FP3201P9839T,111,,1,262,89,Generics / Non Cold Chain
FP3201P9840T,,,1,335,30,Generics / Non Cold Chain
FP3201P9861T,960,,1,104,17,Generics / Non Cold Chain
FP3201P9862T,,,1,386,42,Generics / Non Cold Chain
FP3201P9863T,,,1,412,81,Generics / Non Cold Chain
FP3201P9926T,360,,1,329,93, / Non Cold Chain
FP3201P9927T,132,,1,259,50, / Non Cold Chain
FP3201P9929T,240,,1,334,95, / Non Cold Chain
FP3202P0072T,400,10,1,294,51, / Non Cold Chain
FP3202P0291T,18,18,1,150,83, / Non Cold Chain
FP3202P0292T,18,18,1,159,40, / Non Cold Chain
FP3202P0293T,216,10,1,132,18, / Non Cold Chain
FP3202P0294T,60,30,1,369,19, / Non Cold Chain
FP3202P0391T,360,15,1,315,98, / Non Cold Chain
FP3202P0496T,400,10,1,367,11,Generics / Non Cold Chain
FP3202P0498T,480,10,1,403,81,Generics / Non Cold Chain
FP3202P0618T,100,1,1,250,59,Generics / Non Cold Chain
FP3202P0716T,200,5,1,203,14, / Non Cold Chain
FP3202P0724T,240,15,1,334,53, / Non Cold Chain
FP3202P0727T,320,5,1,382,100, / Non Cold Chain
FP3202P1036T,675,15,1,195,73, / Non Cold Chain
FP3202P1037T,,,1,433,67, / Non Cold Chain
FP3202P1038T,240,15,1,155,17, / Non Cold Chain
FP3202P1039T,,,1,124,26, / Non Cold Chain
FP3202P1101T,80,,1,269,65, / Non Cold Chain
